client,cost
American,36071.42857142857
AirFrance,115178.57142857142
BA,17500.0
