client,cost
American,27916.666666666664
AirFrance,128125.0
BA,12708.333333333334
