client,cost
American,35610.119047619046
AirFrance,100691.96428571429
BA,32447.916666666668
