BPA,cost
implementation,7991199.590000001
phones,193081.24999999997
ITDemand,4002929.9799999977
payroll,1802789.2300000007
sales,2.1450146680000015E7
