client,cost
American,26041.666666666664
AirFrance,119687.5
BA,23020.833333333332
