client,cost
AirMexico,7.869405174239257E7
Alitalia,8.429077294871691E7
American,4.266743415277032E7
SwissAir,1.0586908372949983E8
AirChina,9.13982631409386E7
EmiratesAirlines,8.284151469213204E7
AirFrance,9.792652446667051E7
TACA,9.532271851939182E7
VirginAtlantic,2.6318610307417428E8
BA,6.239221356222109E7
AirJapan,8.413542720452459E7
