BPA,cost
implementation,2.472946831497114E8
phones,4339441.362065505
ITDemand,1.1956623140238786E8
payroll,6.720091639338085E7
sales,6.50322834925887E8
