BPA,cost
implementation,5242965.149999999
phones,4913062.289999998
payroll,6639307.769999999
ITDemand,1.342039005E7
sales,5224421.470000002
