client,cost
AirMexico,3057518.6873788023
Alitalia,3779928.983485778
American,4688687.503588101
SwissAir,3150813.6861387515
AirChina,3089310.613512499
EmiratesAirlines,3196513.8408378195
AirFrance,3829467.342672952
TACA,1328241.9054978786
VirginAtlantic,3540276.051906244
BA,2710316.872349537
AirJapan,3069071.242631636
