BPA,cost
implementation,7991199.590000004
phones,193081.25000000003
ITDemand,4002929.9799999995
payroll,1802789.2299999997
sales,2.145014668000001E7
