client,cost
American,11607.142857142857
AirFrance,154017.85714285713
BA,3125.0
