client,cost
American,15684.52380952381
AirFrance,147544.64285714284
BA,5520.833333333333
