client,cost
American,25877.97619047619
AirFrance,131361.60714285716
BA,11510.416666666666
