client,cost
AirMexico,4839082.347253572
Alitalia,2744470.2014117716
American,2050156.9252251473
SwissAir,2023556.0085482225
AirChina,3650520.2144889953
EmiratesAirlines,5320915.472717374
AirFrance,2960767.262668626
TACA,1064741.0616199665
VirginAtlantic,5601311.737899996
BA,1963590.7942374502
AirJapan,3221034.703928892
