BPA,cost
implementation,2131976.6699999995
phones,3.2218637150000032E7
ITDemand,202107.72
sales,887425.1899999998
