client,cost
AirMexico,1736862.9262290667
Alitalia,3064387.2952980315
American,6807995.750129719
SwissAir,3475738.259097967
AirChina,2871535.496223072
EmiratesAirlines,3542846.2514689625
AirFrance,3343142.5179931344
TACA,724647.045429395
VirginAtlantic,3408569.4449164295
BA,3219683.873314447
AirJapan,3244737.869899807
